1|1
1|2
1|3
1|4
1|5
1|6
1|7
1|8
1|9
1|10
1|11
1|12
1|13
1|14
1|15
1|16
1|17
1|18
1|19
1|20
1|21
1|22
1|23
1|24
1|25
1|26
1|27
1|28
1|29
1|30
1|31
1|32
1|33
1|34
1|35
1|36
1|37
2|38
2|39
2|40
2|41
2|42
2|43
2|44
2|45
2|46
2|47
2|48
2|49
2|50
2|51
2|52
2|53
2|54
2|55
2|56
2|57
2|58
2|59
2|60
2|61
2|62
2|63
2|64
2|65
2|66
2|67
2|68
2|69
2|70
2|71
2|72
2|73
2|74
2|75
2|76
2|77
2|78
2|79
2|80
3|81
3|82
3|83
3|84
3|85
3|86
3|87
3|88
3|89
3|90
3|91
3|92
3|4
3|93
3|94
3|95
3|96
3|97
3|98
3|99
3|100
3|101
3|102
3|103
3|104
3|105
3|106
3|107
3|108
3|109
3|110
3|111
3|112
3|113
3|114
3|115
3|116
3|117
3|118
3|119
3|120
3|121
3|122
3|25
3|123
3|124
3|125
3|126
3|127
3|128
3|129
3|130
3|131
3|132
3|133
3|134
3|135
3|136
3|137
3|138
3|139
3|140
3|141
4|142
4|143
4|144
4|145
4|146
4|147
4|148
4|149
4|150
4|151
4|152
4|153
4|154
4|155
4|33
4|156
5|157
5|158
5|159
5|160
5|161
5|162
5|163
5|164
5|165
5|166
5|167
5|168
5|169
5|170
5|171
5|172
5|173
5|174
5|175
5|176
5|177
5|178
5|179
5|180
5|181
5|182
5|183
5|184
5|185
5|186
5|187
5|188
5|189
5|190
5|191
5|192
5|193
5|194
5|195
5|196
5|197
5|198
5|199
5|200
5|201
5|202
5|203
5|204
5|156
5|205
5|206
6|207
6|208
6|209
6|210
6|211
6|212
6|213
6|214
6|215
6|216
6|217
6|218
6|219
6|220
6|221
6|222
6|223
6|224
6|225
6|226
6|227
6|228
6|229
6|230
6|231
6|232
6|233
6|234
6|235
7|236
7|237
7|238
7|239
7|240
7|241
7|242
7|243
7|244
7|245
7|246
7|247
7|248
7|249
7|250
7|251
8|252
8|253
8|254
8|255
8|256
8|257
8|258
8|259
8|260
8|261
8|262
8|263
8|264
8|265
8|266
8|267
8|268
8|269
8|270
8|271
8|272
8|273
8|274
8|275
8|276
8|277
8|278
8|279
8|280
8|281
8|282
8|283
8|284
8|285
8|286
8|287
8|288
8|289
8|290
8|291
8|292
8|293
8|294
8|295
8|296
8|297
8|298
8|299
8|300
8|301
8|302
8|303
8|304
8|305
8|306
8|307
8|308
8|309
8|310
8|311
8|312
8|313
8|314
8|315
8|316
8|317
9|318
9|319
9|320
9|321
9|322
9|323
9|324
9|325
9|326
9|327
9|328
9|329
9|330
9|331
9|332
9|333
9|334
9|335
9|336
9|337
9|338
9|339
9|340
9|341
9|342
9|343
9|344
9|345
9|346
9|347
9|348
9|349
9|350
9|351
9|352
9|353
9|354
10|355
10|356
10|357
10|358
10|359
10|360
10|361
10|362
10|363
10|364
10|365
10|366
10|367
10|274
10|368
10|369
10|370
10|371
10|372
10|373
10|374
10|375
10|376
10|377
10|378
10|379
10|380
10|381
10|382
10|383
10|384
10|385
10|386
10|387
10|388
10|389
10|390
10|391
10|392
10|393
10|394
10|395
10|396
10|397
10|398
10|399
10|400
10|401
10|402
10|403
10|404
10|405
10|406
10|407
11|408
11|409
11|410
11|411
11|412
11|413
11|414
11|415
11|416
11|417
11|418
11|419
11|420
11|421
11|422
11|423
11|424
11|425
11|426
11|427
11|428
11|429
11|430
11|431
11|432
11|433
11|434
11|435
11|436
11|437
11|438
11|439
11|440
11|441
11|442
11|443
11|444
11|445
11|446
11|447
11|448
11|449
11|450
11|451
11|452
11|453
11|454
11|455
11|456
11|457
11|458
11|459
11|460
11|461
11|462
11|463
11|464
11|465
11|466
11|467
11|468
11|469
11|470
11|471
11|472
11|473
11|474
11|475
11|476
11|477
11|478
11|479
11|480
11|481
11|482
11|483
11|484
11|485
11|486
11|349
11|487
11|488
11|489
11|490
11|491
11|492
11|493
11|494
11|495
11|496
11|497
12|498
12|499
12|500
12|501
12|502
12|503
12|504
12|424
12|505
12|506
12|507
12|508
12|509
12|510
12|511
12|512
12|513
12|514
12|515
12|516
12|517
12|518
12|519
12|520
12|521
12|522
12|523
12|524
12|525
12|526
12|527
12|528
12|529
12|530
12|531
12|532
12|533
12|534
12|535
12|536
12|537
12|538
12|539
12|540
12|541
12|542
12|543
12|544
12|545
12|546
12|547
12|548
12|549
12|550
12|551
12|552
12|135
12|553
13|554
13|555
13|556
13|212
13|213
13|557
13|558
13|559
13|560
13|561
13|267
13|562
13|563
13|564
13|565
13|566
13|567
13|568
13|569
13|570
13|571
13|572
13|573
13|574
13|575
13|576
13|577
13|578
13|579
13|580
13|581
13|582
13|583
13|584
13|585
13|586
13|587
13|588
13|589
13|590
13|591
13|592
13|593
13|289
13|594
13|595
13|596
13|597
13|598
13|599
13|600
13|601
13|602
13|603
13|604
13|605
13|606
13|607
13|608
13|609
13|610
13|611
13|612
13|613
13|614
13|615
13|616
13|617
13|618
13|619
13|620
13|621
13|622
13|623
13|624
14|253
14|625
14|626
14|627
14|628
14|629
14|630
14|450
14|631
14|632
14|633
14|538
14|539
14|634
14|635
14|584
14|585
14|636
14|637
14|638
14|639
14|640
14|540
14|641
14|642
14|643
14|644
14|645
14|646
14|647
14|648
14|649
14|650
14|651
14|652
14|653
14|654
14|655
14|656
14|657
14|658
14|659
14|660
14|661
15|662
15|663
15|664
15|555
15|665
15|666
15|667
15|668
15|669
15|670
15|671
15|672
15|673
15|674
15|675
15|676
15|677
15|678
15|679
15|680
15|681
15|682
15|449
15|683
15|684
15|685
15|686
15|687
15|688
15|689
15|690
15|691
15|692
15|693
15|694
15|695
15|696
15|697
15|698
15|699
15|700
15|701
15|702
15|703
15|704
15|705
15|706
15|707
15|227
15|228
15|708
15|709
15|710
15|711
15|712
15|713
15|714
15|715
15|716
15|717
15|718
15|719
15|720
15|721
15|722
15|723
15|724
15|725
15|726
16|727
16|728
16|729
16|730
16|731
16|732
16|733
16|734
16|735
16|736
16|737
16|738
16|739
16|740
16|741
16|742
16|743
16|744
16|745
16|746
16|747
16|748
16|749
16|750
16|751
16|752
16|753
16|754
16|755
16|756
16|757
16|758
16|759
16|760
16|761
16|762
16|763
16|764
16|765
16|766
16|681
16|682
16|767
16|768
16|769
16|770
16|771
16|772
16|773
16|774
16|775
16|776
16|777
16|778
16|779
16|780
16|781
16|782
16|783
16|784
16|785
16|786
16|787
16|788
16|789
16|790
16|791
16|792
16|793
16|794
16|795
16|796
16|797
16|798
16|247
16|799
16|800
16|801
16|802
16|803
16|804
16|805
16|806
16|807
16|808
16|809
16|810
16|811
16|812
16|813
16|814
16|815
16|816
16|817
16|818
16|819
16|820
16|821
16|822
16|823
16|824
17|825
17|826
17|827
17|828
17|829
17|830
17|831
17|832
17|833
17|834
17|835
17|836
17|837
17|838
17|839
17|840
17|841
17|842
17|843
17|844
17|845
17|846
17|847
17|848
17|849
17|850
17|851
17|852
17|853
17|854
17|855
17|856
17|857
17|858
17|859
17|860
17|861
17|862
17|863
17|864
17|865
17|866
17|867
17|868
17|869
17|870
17|871
17|872
17|873
17|874
17|875
17|876
17|877
17|878
17|879
17|880
17|881
17|882
17|883
17|884
17|885
17|886
17|887
17|888
17|889
17|890
17|891
17|892
17|893
17|894
17|895
17|706
17|896
17|897
17|898
17|899
17|900
17|901
17|902
17|34
17|35
17|903
17|904
17|905
18|906
18|907
18|908
18|909
18|910
18|911
18|912
18|40
18|41
18|913
18|914
18|915
18|729
18|916
18|917
18|918
18|919
18|920
18|921
18|922
18|923
18|242
18|924
18|925
18|926
18|927
18|928
18|929
18|930
18|931
18|932
18|933
18|934
18|935
18|936
18|937
18|938
18|939
18|940
18|941
18|942
18|943
18|944
18|945
18|946
18|947
18|948
18|949
18|950
18|951
18|952
18|148
18|149
18|953
18|954
18|955
18|956
18|957
18|958
18|959
18|960
18|961
18|962
18|963
18|964
18|965
18|966
18|967
18|968
18|969
18|970
18|971
18|972
18|973
18|974
18|975
18|976
18|977
18|978
18|979
18|980
18|981
18|982
18|983
18|984
18|985
18|986
18|987
18|988
18|989
18|990
18|991
18|992
18|993
18|994
18|995
18|996
18|997
18|998
18|999
18|1000
18|1001
18|1002
18|1003
18|1004
18|1005
18|1006
18|1007
18|1008
18|1009
18|1010
18|1011
18|1012
18|1013
18|1014
18|1015
19|1016
19|1017
19|1018
19|1019
19|1020
19|1021
19|1022
19|207
19|1023
19|1024
19|1025
19|1026
19|1027
19|1028
19|1029
19|1030
19|1031
19|1032
19|1033
19|1034
19|1035
19|1036
19|1037
19|1038
19|1039
19|1040
19|259
19|1041
19|1042
19|1043
19|1044
19|1045
19|1046
19|1047
19|1048
19|1049
19|1050
19|1051
19|684
19|685
19|1052
19|1053
19|1054
19|1055
19|1056
19|1057
19|577
19|1058
19|1059
19|1060
19|1061
19|1062
19|1063
19|1064
19|1065
19|1066
19|534
19|535
19|1067
19|1068
19|1069
19|1070
19|1071
19|1072
19|1073
19|1074
19|1075
19|1076
19|1077
19|1078
19|1079
19|1080
19|1081
19|1082
19|1083
19|1084
19|1085
19|1086
19|1087
19|1088
19|1089
19|1090
19|1091
19|1092
19|1093
19|1094
19|1095
19|1096
19|1097
19|1098
19|1099
19|1100
19|1101
19|1102
19|1103
19|1104
19|1105
19|1106
19|1107
19|1108
19|1109
19|1110
19|1111
19|1112
19|1113
19|813
19|814
19|1114
19|1115
19|1116
19|1117
19|1118
19|1119
19|1120
19|1121
19|1122
19|1123
19|1124
19|1125
19|1126
19|1127
20|1128
20|1129
20|1130
20|1131
20|1132
20|1133
20|1134
20|1135
20|1136
20|1137
20|1138
20|1139
20|1140
20|1141
20|1142
20|1143
20|1144
20|1145
20|1146
20|1147
20|1148
20|1149
20|1034
20|1150
20|1151
20|1152
20|1153
20|1154
20|1155
20|1156
20|1157
20|1158
20|1159
20|1160
20|1161
20|1162
20|1163
20|1164
20|1165
20|1166
20|1167
20|1168
20|1169
20|1170
20|1171
20|1172
20|1173
20|1174
20|1175
20|1176
20|1177
20|1178
20|1179
20|1180
20|1181
20|1182
20|1183
20|1184
20|1185
20|1186
20|1187
20|1188
20|1189
20|1190
20|1191
20|1192
20|1193
20|1194
20|1195
20|1196
20|1197
20|1198
20|1199
20|1200
20|1201
20|1202
20|1203
20|1204
20|1205
20|1206
20|1207
20|1208
20|1209
20|1210
20|1211
20|1212
20|1213
20|1214
20|1215
20|1216
20|1217
20|1218
20|1219
20|1220
20|1221
20|1222
21|1223
21|1224
21|1225
21|1226
21|1227
21|1228
21|1229
21|1230
21|1231
21|1232
21|1233
21|1234
21|1235
21|1236
21|1237
21|1238
21|1239
21|1240
21|1241
21|1242
21|1243
21|1244
21|1245
21|1246
21|1247
21|1248
21|1249
21|1250
21|1251
21|1252
21|1253
21|1254
21|1255
21|1256
21|1257
21|1258
21|1259
21|1260
21|1261
21|1262
21|1263
21|1264
21|1265
21|1266
21|1267
21|1268
21|1269
21|1270
21|1271
21|1272
21|1273
21|1274
21|1275
21|1276
21|1277
21|1278
21|1279
21|1280
21|1281
21|1282
21|1283
21|1284
21|1285
21|1286
21|1287
21|1288
21|1289
21|691
21|1290
21|1291
21|1292
21|1293
21|1294
21|1295
21|1296
21|1297
21|1298
21|1299
21|1300
21|1301
21|1302
21|1303
21|1304
21|1305
21|1306
21|1307
21|129
21|1308
21|1309
21|1310
21|1311
21|1312
21|1313
21|1314
21|1315
21|1316
21|1317
21|1318
21|1319
21|1320
21|1321
21|1322
21|1323
21|1324
21|1325
21|1326
21|1327
22|1328
22|1329
22|1330
22|1331
22|1332
22|1333
22|1334
22|1335
22|1336
22|1337
22|1338
22|1339
22|629
22|630
22|1340
22|1341
22|1342
22|1343
22|1344
22|1345
22|1346
22|1347
22|1348
22|1349
22|1350
22|1351
22|190
22|191
22|1352
22|1353
22|1354
22|1355
22|1356
22|1357
22|1358
22|1359
22|1360
22|1361
22|1362
22|1363
22|1364
22|129
22|1365
22|1366
22|1367
22|1368
22|1369
22|1370
22|608
22|609
22|1371
22|1372
22|1373
22|1374
22|1375
22|1376
22|1377
22|1378
22|1379
22|1380
22|1381
22|1382
22|1383
22|1384
22|1385
22|1386
22|1387
23|1388
23|1389
23|1390
23|1391
23|1392
23|831
23|1393
23|1394
23|627
23|1395
23|1396
23|1397
23|1398
23|1399
23|1400
23|1401
23|1402
23|1403
23|1404
23|1405
23|1406
23|1407
23|1408
23|513
23|514
23|764
23|1269
23|1270
23|1409
23|1410
23|1411
23|1412
23|1413
23|1414
23|1415
23|1416
23|1417
23|1418
23|1419
23|1420
23|1174
23|1421
23|1422
23|1423
23|1424
23|1425
23|1426
23|1427
23|1428
23|1429
23|1430
23|1192
23|1431
23|1432
23|1433
23|1434
23|1435
23|1436
23|1437
23|1438
23|1439
23|1440
23|1441
23|1442
23|1443
23|1444
23|1445
23|1446
23|1447
23|1448
23|1449
23|1450
23|1451
23|1452
23|1453
23|1454
23|1455
23|1456
23|1457
23|1458
23|1459
23|1460
23|1461
23|1462
23|1463
23|1464
24|1465
24|1466
24|1467
24|1468
24|1469
24|1470
24|1471
24|1472
24|1473
24|1229
24|1230
24|1474
24|1475
24|1476
24|1477
24|1478
24|1479
24|1480
24|1481
24|1482
24|1483
24|932
24|1484
24|1485
24|1486
24|1487
24|1488
24|1489
24|1490
24|1491
24|1492
24|1493
24|1494
24|1495
24|1496
24|1497
24|1498
24|1499
24|1500
24|1501
24|1502
24|1503
24|1504
24|1505
24|1506
24|1507
24|1508
24|1509
24|1510
24|1511
24|1512
24|1513
24|1514
24|1515
24|1516
24|1517
24|1518
24|1435
24|1519
24|1520
24|31
24|32
24|1521
24|1522
24|1523
24|1524
24|1525
24|1526
24|1527
24|1528
24|1529
24|1530
24|1531
24|1532
24|1533
24|1534
24|1535
24|1536
24|1537
